"","flag","checked","synonym_names","questionable","accepted_name","accepted_subspecies","Notes"
"1","Afranthidium malacopygum",NA,NA,NA,NA,NA,NA
"2","Amegilla albifrons",NA,NA,NA,NA,NA,NA
"3","Amegilla albifrons",NA,NA,NA,NA,NA,NA
"76","Andrena albupunctata",NA,NA,NA,NA,NA,NA
"77","Andrena armata",NA,NA,NA,NA,NA,NA
"78","Andrena armata",NA,NA,NA,NA,NA,NA
"79","Andrena armata",NA,NA,NA,NA,NA,NA
"80","Andrena armata",NA,NA,NA,NA,NA,NA
"81","Andrena benoisti",NA,NA,NA,NA,NA,NA
"82","Andrena benoisti",NA,NA,NA,NA,NA,NA
"83","Andrena benoisti",NA,NA,NA,NA,NA,NA
"84","Andrena benoisti",NA,NA,NA,NA,NA,NA
"85","Andrena benoisti",NA,NA,NA,NA,NA,NA
"86","Andrena benoisti",NA,NA,NA,NA,NA,NA
"87","Andrena benoisti",NA,NA,NA,NA,NA,NA
"88","Andrena benoisti",NA,NA,NA,NA,NA,NA
"89","Andrena benoisti",NA,NA,NA,NA,NA,NA
"90","Andrena benoisti",NA,NA,NA,NA,NA,NA
"91","Andrena benoisti",NA,NA,NA,NA,NA,NA
"92","Andrena benoisti",NA,NA,NA,NA,NA,NA
"93","Andrena benoisti",NA,NA,NA,NA,NA,NA
"94","Andrena benoisti",NA,NA,NA,NA,NA,NA
"227","Andrena coitana",NA,NA,NA,NA,NA,NA
"235","Andrena dourada",NA,NA,NA,NA,NA,NA
"236","Andrena dourada",NA,NA,NA,NA,NA,NA
"237","Andrena dourada",NA,NA,NA,NA,NA,NA
"238","Andrena dourada",NA,NA,NA,NA,NA,NA
"239","Andrena dunningi",NA,NA,NA,NA,NA,NA
"247","Andrena flava",NA,NA,NA,NA,NA,NA
"248","Andrena fortipunctata",NA,NA,NA,NA,NA,NA
"251","Andrena gallica",NA,NA,NA,NA,NA,NA
"252","Andrena gallica",NA,NA,NA,NA,NA,NA
"253","Andrena gallica",NA,NA,NA,NA,NA,NA
"254","Andrena gallica",NA,NA,NA,NA,NA,NA
"271","Andrena hispanica",NA,NA,NA,NA,NA,NA
"283","Andrena juliana",NA,NA,NA,NA,NA,NA
"284","Andrena levante",NA,NA,NA,NA,NA,NA
"285","Andrena levante",NA,NA,NA,NA,NA,NA
"286","Andrena levante",NA,NA,NA,NA,NA,NA
"287","Andrena levante",NA,NA,NA,NA,NA,NA
"288","Andrena levante",NA,NA,NA,NA,NA,NA
"289","Andrena levante",NA,NA,NA,NA,NA,NA
"356","Andrena maderiensis",NA,NA,NA,NA,NA,NA
"371","Andrena minuta",NA,NA,NA,NA,NA,NA
"372","Andrena minuta",NA,NA,NA,NA,NA,NA
"599","Andrena numida",NA,NA,NA,NA,NA,NA
"600","Andrena ocreata",NA,NA,NA,NA,NA,NA
"601","Andrena ornata",NA,NA,NA,NA,NA,NA
"602","Andrena orotavensis",NA,NA,NA,NA,NA,NA
"603","Andrena orotavensis",NA,NA,NA,NA,NA,NA
"604","Andrena parvula",NA,NA,NA,NA,NA,NA
"605","Andrena parvula",NA,NA,NA,NA,NA,NA
"606","Andrena parvula",NA,NA,NA,NA,NA,NA
"609","Andrena quadrimaculata",NA,NA,NA,NA,NA,NA
"969","Andrena strohmella",NA,NA,NA,NA,NA,NA
"970","Andrena strohmella",NA,NA,NA,NA,NA,NA
"971","Andrena taraxaci",NA,NA,NA,NA,NA,NA
"972","Andrena taraxaci",NA,NA,NA,NA,NA,NA
"973","Andrena taraxaci",NA,NA,NA,NA,NA,NA
"974","Andrena taraxaci",NA,NA,NA,NA,NA,NA
"975","Andrena taraxaci",NA,NA,NA,NA,NA,NA
"976","Andrena ternuistriata",NA,NA,NA,NA,NA,NA
"1163","Anthidium blongatum",NA,NA,NA,NA,NA,NA
"1164","Anthidium canariensis",NA,NA,NA,NA,NA,NA
"1165","Anthidium canariensis",NA,NA,NA,NA,NA,NA
"1166","Anthidium canariensis",NA,NA,NA,NA,NA,NA
"1167","Anthidium florentimun",NA,NA,NA,NA,NA,NA
"1168","Anthidium florentimun",NA,NA,NA,NA,NA,NA
"1169","Anthidium florentimun",NA,NA,NA,NA,NA,NA
"1170","Anthidium florentimun",NA,NA,NA,NA,NA,NA
"1171","Anthidium florentimun",NA,NA,NA,NA,NA,NA
"1172","Anthidium florentimun",NA,NA,NA,NA,NA,NA
"1173","Anthidium florentimun",NA,NA,NA,NA,NA,NA
"1174","Anthidium florentimun",NA,NA,NA,NA,NA,NA
"1175","Anthidium florentimun",NA,NA,NA,NA,NA,NA
"1176","Anthidium florentimun",NA,NA,NA,NA,NA,NA
"1177","Anthidium florentimun",NA,NA,NA,NA,NA,NA
"1178","Anthidium florentimun",NA,NA,NA,NA,NA,NA
"1179","Anthidium florentimun",NA,NA,NA,NA,NA,NA
"1180","Anthidium florentimun",NA,NA,NA,NA,NA,NA
"1183","Anthidium latreillei",NA,NA,NA,NA,NA,NA
"1184","Anthidium latreillei",NA,NA,NA,NA,NA,NA
"1185","Anthidium latreillei",NA,NA,NA,NA,NA,NA
"1186","Anthidium latreillei",NA,NA,NA,NA,NA,NA
"1187","Anthidium latreillei",NA,NA,NA,NA,NA,NA
"1188","Anthidium latreillei",NA,NA,NA,NA,NA,NA
"1232","Anthidium stictium",NA,NA,NA,NA,NA,NA
"1235","Anthidium trematum",NA,NA,NA,NA,NA,NA
"1236","Anthidium variegatum",NA,NA,NA,NA,NA,NA
"1237","Anthidium variegatum",NA,NA,NA,NA,NA,NA
"1323","Anthophora californica",NA,NA,NA,NA,NA,NA
"1324","Anthophora californica",NA,NA,NA,NA,NA,NA
"1327","Anthophora hispanicus",NA,NA,NA,NA,NA,NA
"1328","Anthophora hispanicus",NA,NA,NA,NA,NA,NA
"1329","Anthophora hispanicus",NA,NA,NA,NA,NA,NA
"1330","Anthophora hispanicus",NA,NA,NA,NA,NA,NA
"1331","Anthophora hispanicus",NA,NA,NA,NA,NA,NA
"1332","Anthophora hispanicus",NA,NA,NA,NA,NA,NA
"1333","Anthophora hispanicus",NA,NA,NA,NA,NA,NA
"1334","Anthophora liefrincki",NA,NA,NA,NA,NA,NA
"1336","Anthophora nigrocincta",NA,NA,NA,NA,NA,NA
"1421","Anthophora toracica",NA,NA,NA,NA,NA,NA
"1455","Bombus argillaceus",NA,NA,NA,NA,NA,NA
"1456","Bombus canariensis",NA,NA,NA,NA,NA,NA
"1458","Bombus cryptarum",NA,NA,NA,NA,NA,NA
"1459","Bombus cryptarum",NA,NA,NA,NA,NA,NA
"1460","Bombus cryptarum",NA,NA,NA,NA,NA,NA
"1461","Bombus cryptarum",NA,NA,NA,NA,NA,NA
"1462","Bombus cryptarum",NA,NA,NA,NA,NA,NA
"1463","Bombus cryptarum",NA,NA,NA,NA,NA,NA
"1569","Bombus montincola",NA,NA,NA,NA,NA,NA
"1570","Bombus montincola",NA,NA,NA,NA,NA,NA
"1571","Bombus montincola",NA,NA,NA,NA,NA,NA
"1572","Bombus montincola",NA,NA,NA,NA,NA,NA
"1573","Bombus montincola",NA,NA,NA,NA,NA,NA
"1574","Bombus montincola",NA,NA,NA,NA,NA,NA
"1575","Bombus montincola",NA,NA,NA,NA,NA,NA
"1632","Bombus subterraneous",NA,NA,NA,NA,NA,NA
"1633","Bombus subterraneous",NA,NA,NA,NA,NA,NA
"1634","Bombus subterraneous",NA,NA,NA,NA,NA,NA
"1635","Bombus subterraneous",NA,NA,NA,NA,NA,NA
"1636","Bombus subterraneous",NA,NA,NA,NA,NA,NA
"1637","Bombus subterraneous",NA,NA,NA,NA,NA,NA
"1638","Bombus subterraneous",NA,NA,NA,NA,NA,NA
"1639","Bombus subterraneous",NA,NA,NA,NA,NA,NA
"1640","Bombus subterraneous",NA,NA,NA,NA,NA,NA
"1641","Bombus subterraneous",NA,NA,NA,NA,NA,NA
"1642","Bombus subterraneous",NA,NA,NA,NA,NA,NA
"1643","Bombus subterraneous",NA,NA,NA,NA,NA,NA
"1644","Bombus subterraneous",NA,NA,NA,NA,NA,NA
"1645","Bombus terrestri",NA,NA,NA,NA,NA,NA
"1646","Bombus wuerflenii",NA,NA,NA,NA,NA,NA
"1647","Bombus wurfleinii",NA,NA,NA,NA,NA,NA
"1648","Bombus wurfleinii",NA,NA,NA,NA,NA,NA
"1649","Bombus wurfleinii",NA,NA,NA,NA,NA,NA
"1650","Bombus wurfleinii",NA,NA,NA,NA,NA,NA
"1651","Bombus wurfleinii",NA,NA,NA,NA,NA,NA
"1657","Ceratina calybea",NA,NA,NA,NA,NA,NA
"1658","Ceratina curcubitina",NA,NA,NA,NA,NA,NA
"1659","Ceratina curcubitina",NA,NA,NA,NA,NA,NA
"1660","Ceratina curcubitina",NA,NA,NA,NA,NA,NA
"1661","Ceratina curcubitina",NA,NA,NA,NA,NA,NA
"1662","Ceratina curcubitina",NA,NA,NA,NA,NA,NA
"1663","Ceratina curcubitina",NA,NA,NA,NA,NA,NA
"1706","Coelioxys auroliubata",NA,NA,NA,NA,NA,NA
"1723","Colletes africana",NA,NA,NA,NA,NA,NA
"1724","Colletes albescens",NA,NA,NA,NA,NA,NA
"1725","Colletes albescens",NA,NA,NA,NA,NA,NA
"1726","Colletes albescens",NA,NA,NA,NA,NA,NA
"1727","Colletes albescens",NA,NA,NA,NA,NA,NA
"1728","Colletes albescens",NA,NA,NA,NA,NA,NA
"1729","Colletes albescens",NA,NA,NA,NA,NA,NA
"1730","Colletes albescens",NA,NA,NA,NA,NA,NA
"1731","Colletes albescens",NA,NA,NA,NA,NA,NA
"1771","Colletes dimidiatus",NA,NA,NA,NA,NA,NA
"1772","Colletes dimidiatus",NA,NA,NA,NA,NA,NA
"1773","Colletes dimidiatus",NA,NA,NA,NA,NA,NA
"1774","Colletes dimidiatus",NA,NA,NA,NA,NA,NA
"1775","Colletes dimidiatus",NA,NA,NA,NA,NA,NA
"1776","Colletes dimidiatus",NA,NA,NA,NA,NA,NA
"1777","Colletes dimidiatus",NA,NA,NA,NA,NA,NA
"1778","Colletes dimidiatus",NA,NA,NA,NA,NA,NA
"1779","Colletes dimidiatus",NA,NA,NA,NA,NA,NA
"1780","Colletes dimidiatus",NA,NA,NA,NA,NA,NA
"1781","Colletes dimidiatus",NA,NA,NA,NA,NA,NA
"1782","Colletes dimidiatus",NA,NA,NA,NA,NA,NA
"1783","Colletes dimidiatus",NA,NA,NA,NA,NA,NA
"1784","Colletes dimidiatus",NA,NA,NA,NA,NA,NA
"1785","Colletes dimidiatus",NA,NA,NA,NA,NA,NA
"1786","Colletes dimidiatus",NA,NA,NA,NA,NA,NA
"1787","Colletes dimidiatus",NA,NA,NA,NA,NA,NA
"1788","Colletes dimidiatus",NA,NA,NA,NA,NA,NA
"1789","Colletes dimidiatus",NA,NA,NA,NA,NA,NA
"1790","Colletes dimidiatus",NA,NA,NA,NA,NA,NA
"1791","Colletes dimidiatus",NA,NA,NA,NA,NA,NA
"1792","Colletes dimidiatus",NA,NA,NA,NA,NA,NA
"1793","Colletes dimidiatus",NA,NA,NA,NA,NA,NA
"1794","Colletes dimidiatus",NA,NA,NA,NA,NA,NA
"1795","Colletes dimidiatus",NA,NA,NA,NA,NA,NA
"1796","Colletes dimidiatus",NA,NA,NA,NA,NA,NA
"1797","Colletes dimidiatus",NA,NA,NA,NA,NA,NA
"1798","Colletes dimidiatus",NA,NA,NA,NA,NA,NA
"1799","Colletes dimidiatus",NA,NA,NA,NA,NA,NA
"1800","Colletes dimidiatus",NA,NA,NA,NA,NA,NA
"1801","Colletes dimidiatus",NA,NA,NA,NA,NA,NA
"1802","Colletes dimidiatus",NA,NA,NA,NA,NA,NA
"1803","Colletes dimidiatus",NA,NA,NA,NA,NA,NA
"1804","Colletes dimidiatus",NA,NA,NA,NA,NA,NA
"1805","Colletes dimidiatus",NA,NA,NA,NA,NA,NA
"1806","Colletes dimidiatus",NA,NA,NA,NA,NA,NA
"1807","Colletes dimidiatus",NA,NA,NA,NA,NA,NA
"1808","Colletes dimidiatus",NA,NA,NA,NA,NA,NA
"1809","Colletes dimidiatus",NA,NA,NA,NA,NA,NA
"1810","Colletes dimidiatus",NA,NA,NA,NA,NA,NA
"1811","Colletes dimidiatus",NA,NA,NA,NA,NA,NA
"1812","Colletes dimidiatus",NA,NA,NA,NA,NA,NA
"1813","Colletes dimidiatus",NA,NA,NA,NA,NA,NA
"1814","Colletes dimidiatus",NA,NA,NA,NA,NA,NA
"1815","Colletes dimidiatus",NA,NA,NA,NA,NA,NA
"1903","Colletes jansmiti",NA,NA,NA,NA,NA,NA
"1904","Colletes moricei",NA,NA,NA,NA,NA,NA
"1905","Colletes moricei",NA,NA,NA,NA,NA,NA
"1906","Colletes moricei",NA,NA,NA,NA,NA,NA
"1907","Colletes moricei",NA,NA,NA,NA,NA,NA
"1908","Colletes moricei",NA,NA,NA,NA,NA,NA
"1909","Colletes moricei",NA,NA,NA,NA,NA,NA
"1910","Colletes moricei",NA,NA,NA,NA,NA,NA
"1911","Colletes moricei",NA,NA,NA,NA,NA,NA
"1912","Colletes moricei",NA,NA,NA,NA,NA,NA
"1913","Colletes moricei",NA,NA,NA,NA,NA,NA
"1914","Colletes moricei",NA,NA,NA,NA,NA,NA
"1915","Colletes moricei",NA,NA,NA,NA,NA,NA
"1916","Colletes moricei",NA,NA,NA,NA,NA,NA
"1917","Colletes moricei",NA,NA,NA,NA,NA,NA
"1918","Colletes moricei",NA,NA,NA,NA,NA,NA
"1919","Colletes perezi",NA,NA,NA,NA,NA,NA
"1920","Colletes perezi",NA,NA,NA,NA,NA,NA
"1921","Colletes perezi",NA,NA,NA,NA,NA,NA
"1949","Dioxys cinta",NA,NA,NA,NA,NA,NA
"1950","Dioxys cinta",NA,NA,NA,NA,NA,NA
"1951","Dioxys cinta",NA,NA,NA,NA,NA,NA
"1952","Dioxys cinta",NA,NA,NA,NA,NA,NA
"1953","Dioxys cinta",NA,NA,NA,NA,NA,NA
"1954","Dioxys cinta",NA,NA,NA,NA,NA,NA
"1955","Dioxys cinta",NA,NA,NA,NA,NA,NA
"1956","Dioxys cinta",NA,NA,NA,NA,NA,NA
"1957","Dioxys cinta",NA,NA,NA,NA,NA,NA
"1958","Dioxys cinta",NA,NA,NA,NA,NA,NA
"1959","Dioxys cinta",NA,NA,NA,NA,NA,NA
"1960","Dioxys cinta",NA,NA,NA,NA,NA,NA
"1961","Dioxys cinta",NA,NA,NA,NA,NA,NA
"1962","Dioxys cinta",NA,NA,NA,NA,NA,NA
"1981","Dioxys tridentata",NA,NA,NA,NA,NA,NA
"1983","Dufourea maura",NA,NA,NA,NA,NA,NA
"1984","Dufourea maura",NA,NA,NA,NA,NA,NA
"1985","Dufourea minta",NA,NA,NA,NA,NA,NA
"1996","Eucera berlandi",NA,NA,NA,NA,NA,NA
"1997","Eucera berlandi",NA,NA,NA,NA,NA,NA
"1998","Eucera berlandi",NA,NA,NA,NA,NA,NA
"1999","Eucera berlandi",NA,NA,NA,NA,NA,NA
"2000","Eucera berlandi",NA,NA,NA,NA,NA,NA
"2001","Eucera berlandi",NA,NA,NA,NA,NA,NA
"2002","Eucera berlandi",NA,NA,NA,NA,NA,NA
"2003","Eucera berlandi",NA,NA,NA,NA,NA,NA
"2059","Eucera gracillipes",NA,NA,NA,NA,NA,NA
"2060","Eucera gracillipes",NA,NA,NA,NA,NA,NA
"2068","Eucera lanuginosus",NA,NA,NA,NA,NA,NA
"2069","Eucera lanuginosus",NA,NA,NA,NA,NA,NA
"2070","Eucera lanuginosus",NA,NA,NA,NA,NA,NA
"2071","Eucera lanuginosus",NA,NA,NA,NA,NA,NA
"2072","Eucera maroccana",NA,NA,NA,NA,NA,NA
"2073","Eucera nigrencens",NA,NA,NA,NA,NA,NA
"2094","Halictus asperellus",NA,NA,NA,NA,NA,NA
"2125","Halictus cremicornis",NA,NA,NA,NA,NA,NA
"2126","Halictus frontalis",NA,NA,NA,NA,NA,NA
"2127","Halictus frontalis",NA,NA,NA,NA,NA,NA
"2128","Halictus frontalis",NA,NA,NA,NA,NA,NA
"2129","Halictus frontalis",NA,NA,NA,NA,NA,NA
"2130","Halictus frontalis",NA,NA,NA,NA,NA,NA
"2131","Halictus frontalis",NA,NA,NA,NA,NA,NA
"2132","Halictus frontalis",NA,NA,NA,NA,NA,NA
"2133","Halictus frontalis",NA,NA,NA,NA,NA,NA
"2134","Halictus frontalis",NA,NA,NA,NA,NA,NA
"2135","Halictus frontalis",NA,NA,NA,NA,NA,NA
"2136","Halictus frontalis",NA,NA,NA,NA,NA,NA
"2137","Halictus frontalis",NA,NA,NA,NA,NA,NA
"2138","Halictus frontalis",NA,NA,NA,NA,NA,NA
"2139","Halictus frontalis",NA,NA,NA,NA,NA,NA
"2140","Halictus frontalis",NA,NA,NA,NA,NA,NA
"2141","Halictus frontalis",NA,NA,NA,NA,NA,NA
"2142","Halictus frontalis",NA,NA,NA,NA,NA,NA
"2143","Halictus frontalis",NA,NA,NA,NA,NA,NA
"2144","Halictus frontalis",NA,NA,NA,NA,NA,NA
"2145","Halictus frontalis",NA,NA,NA,NA,NA,NA
"2146","Halictus frontalis",NA,NA,NA,NA,NA,NA
"2147","Halictus frontalis",NA,NA,NA,NA,NA,NA
"2148","Halictus frontalis",NA,NA,NA,NA,NA,NA
"2149","Halictus frontalis",NA,NA,NA,NA,NA,NA
"2150","Halictus frontalis",NA,NA,NA,NA,NA,NA
"2151","Halictus frontalis",NA,NA,NA,NA,NA,NA
"2152","Halictus frontalis",NA,NA,NA,NA,NA,NA
"2153","Halictus frontalis",NA,NA,NA,NA,NA,NA
"2154","Halictus frontalis",NA,NA,NA,NA,NA,NA
"2155","Halictus frontalis",NA,NA,NA,NA,NA,NA
"2156","Halictus frontalis",NA,NA,NA,NA,NA,NA
"2157","Halictus frontalis",NA,NA,NA,NA,NA,NA
"2158","Halictus frontalis",NA,NA,NA,NA,NA,NA
"2159","Halictus frontalis",NA,NA,NA,NA,NA,NA
"2160","Halictus frontalis",NA,NA,NA,NA,NA,NA
"2161","Halictus frontalis",NA,NA,NA,NA,NA,NA
"2162","Halictus frontalis",NA,NA,NA,NA,NA,NA
"2163","Halictus frontalis",NA,NA,NA,NA,NA,NA
"2164","Halictus frontalis",NA,NA,NA,NA,NA,NA
"2165","Halictus frontalis",NA,NA,NA,NA,NA,NA
"2166","Halictus frontalis",NA,NA,NA,NA,NA,NA
"2167","Halictus frontalis",NA,NA,NA,NA,NA,NA
"2168","Halictus frontalis",NA,NA,NA,NA,NA,NA
"2169","Halictus frontalis",NA,NA,NA,NA,NA,NA
"2170","Halictus frontalis",NA,NA,NA,NA,NA,NA
"2171","Halictus frontalis",NA,NA,NA,NA,NA,NA
"2172","Halictus frontalis",NA,NA,NA,NA,NA,NA
"2173","Halictus frontalis",NA,NA,NA,NA,NA,NA
"2174","Halictus frontalis",NA,NA,NA,NA,NA,NA
"2175","Halictus frontalis",NA,NA,NA,NA,NA,NA
"2176","Halictus frontalis",NA,NA,NA,NA,NA,NA
"2177","Halictus frontalis",NA,NA,NA,NA,NA,NA
"2178","Halictus frontalis",NA,NA,NA,NA,NA,NA
"2179","Halictus frontalis",NA,NA,NA,NA,NA,NA
"2180","Halictus frontalis",NA,NA,NA,NA,NA,NA
"2181","Halictus frontalis",NA,NA,NA,NA,NA,NA
"2182","Halictus frontalis",NA,NA,NA,NA,NA,NA
"2183","Halictus gemmea",NA,NA,NA,NA,NA,NA
"2184","Halictus gemmea",NA,NA,NA,NA,NA,NA
"2185","Halictus gemmea",NA,NA,NA,NA,NA,NA
"2186","Halictus gemmea",NA,NA,NA,NA,NA,NA
"2187","Halictus gemmea",NA,NA,NA,NA,NA,NA
"2188","Halictus gemmella",NA,NA,NA,NA,NA,NA
"2189","Halictus gemmella",NA,NA,NA,NA,NA,NA
"2190","Halictus gemmella",NA,NA,NA,NA,NA,NA
"2191","Halictus gemmella",NA,NA,NA,NA,NA,NA
"2192","Halictus gemmella",NA,NA,NA,NA,NA,NA
"2193","Halictus gemmella",NA,NA,NA,NA,NA,NA
"2194","Halictus gemmella",NA,NA,NA,NA,NA,NA
"2195","Halictus gemmella",NA,NA,NA,NA,NA,NA
"2196","Halictus gemmella",NA,NA,NA,NA,NA,NA
"2197","Halictus gemmella",NA,NA,NA,NA,NA,NA
"2198","Halictus gemmella",NA,NA,NA,NA,NA,NA
"2199","Halictus gemmella",NA,NA,NA,NA,NA,NA
"2200","Halictus gemmella",NA,NA,NA,NA,NA,NA
"2201","Halictus gemmella",NA,NA,NA,NA,NA,NA
"2205","Halictus pauxillum",NA,NA,NA,NA,NA,NA
"2557","Halictus sacabiosae",NA,NA,NA,NA,NA,NA
"2558","Halictus seladonia",NA,NA,NA,NA,NA,NA
"2559","Halictus similar",NA,NA,NA,NA,NA,NA
"2560","Halictus subaurata",NA,NA,NA,NA,NA,NA
"2561","Halictus subaurata",NA,NA,NA,NA,NA,NA
"2562","Halictus subaurata",NA,NA,NA,NA,NA,NA
"2563","Halictus subaurata",NA,NA,NA,NA,NA,NA
"2564","Halictus subaurata",NA,NA,NA,NA,NA,NA
"2565","Halictus subaurata",NA,NA,NA,NA,NA,NA
"2566","Halictus subaurata",NA,NA,NA,NA,NA,NA
"2567","Halictus subaurata",NA,NA,NA,NA,NA,NA
"2568","Halictus subaurata",NA,NA,NA,NA,NA,NA
"2569","Halictus subaurata",NA,NA,NA,NA,NA,NA
"2570","Halictus subaurata",NA,NA,NA,NA,NA,NA
"2571","Halictus subaurata",NA,NA,NA,NA,NA,NA
"2572","Halictus subaurata",NA,NA,NA,NA,NA,NA
"2573","Halictus subaurata",NA,NA,NA,NA,NA,NA
"2574","Halictus subaurata",NA,NA,NA,NA,NA,NA
"2575","Halictus subaurata",NA,NA,NA,NA,NA,NA
"2576","Halictus subaurata",NA,NA,NA,NA,NA,NA
"2577","Halictus subaurata",NA,NA,NA,NA,NA,NA
"2578","Halictus subaurata",NA,NA,NA,NA,NA,NA
"2579","Halictus subaurata",NA,NA,NA,NA,NA,NA
"2580","Halictus subaurata",NA,NA,NA,NA,NA,NA
"2581","Halictus subaurata",NA,NA,NA,NA,NA,NA
"2582","Halictus subaurata",NA,NA,NA,NA,NA,NA
"2583","Halictus subaurata",NA,NA,NA,NA,NA,NA
"2584","Halictus subaurata",NA,NA,NA,NA,NA,NA
"2585","Halictus subaurata",NA,NA,NA,NA,NA,NA
"2586","Halictus subaurata",NA,NA,NA,NA,NA,NA
"2587","Halictus subaurata",NA,NA,NA,NA,NA,NA
"2588","Halictus subaurata",NA,NA,NA,NA,NA,NA
"2589","Halictus subaurata",NA,NA,NA,NA,NA,NA
"2590","Halictus subaurata",NA,NA,NA,NA,NA,NA
"2591","Halictus subaurata",NA,NA,NA,NA,NA,NA
"2592","Halictus subaurata",NA,NA,NA,NA,NA,NA
"2593","Halictus subaurata",NA,NA,NA,NA,NA,NA
"2594","Halictus subaurata",NA,NA,NA,NA,NA,NA
"2595","Halictus subaurata",NA,NA,NA,NA,NA,NA
"2596","Halictus subaurata",NA,NA,NA,NA,NA,NA
"2597","Halictus subaurata",NA,NA,NA,NA,NA,NA
"2598","Halictus subaurata",NA,NA,NA,NA,NA,NA
"2599","Halictus subaurata",NA,NA,NA,NA,NA,NA
"2600","Halictus subaurata",NA,NA,NA,NA,NA,NA
"2601","Halictus subaurata",NA,NA,NA,NA,NA,NA
"2602","Halictus subaurata",NA,NA,NA,NA,NA,NA
"2603","Halictus subaurata",NA,NA,NA,NA,NA,NA
"2604","Halictus subaurata",NA,NA,NA,NA,NA,NA
"2605","Halictus subaurata",NA,NA,NA,NA,NA,NA
"2606","Halictus subaurata",NA,NA,NA,NA,NA,NA
"2607","Halictus subaurata",NA,NA,NA,NA,NA,NA
"2608","Halictus subaurata",NA,NA,NA,NA,NA,NA
"2609","Halictus subaurata",NA,NA,NA,NA,NA,NA
"2610","Halictus subaurata",NA,NA,NA,NA,NA,NA
"2611","Halictus subaurata",NA,NA,NA,NA,NA,NA
"2612","Halictus subaurata",NA,NA,NA,NA,NA,NA
"2613","Halictus subaurata",NA,NA,NA,NA,NA,NA
"2614","Halictus subaurata",NA,NA,NA,NA,NA,NA
"2615","Halictus subaurata",NA,NA,NA,NA,NA,NA
"2616","Halictus subaurata",NA,NA,NA,NA,NA,NA
"2617","Halictus subaurata",NA,NA,NA,NA,NA,NA
"2618","Halictus subaurata",NA,NA,NA,NA,NA,NA
"2619","Halictus subaurata",NA,NA,NA,NA,NA,NA
"2620","Halictus subaurata",NA,NA,NA,NA,NA,NA
"2621","Halictus subaurata",NA,NA,NA,NA,NA,NA
"2622","Halictus subaurata",NA,NA,NA,NA,NA,NA
"2623","Halictus subaurata",NA,NA,NA,NA,NA,NA
"2624","Halictus subaurata",NA,NA,NA,NA,NA,NA
"2625","Halictus subaurata",NA,NA,NA,NA,NA,NA
"2626","Halictus subaurata",NA,NA,NA,NA,NA,NA
"2627","Halictus subaurata",NA,NA,NA,NA,NA,NA
"2628","Halictus subaurata",NA,NA,NA,NA,NA,NA
"2629","Halictus subaurata",NA,NA,NA,NA,NA,NA
"2630","Halictus subaurata",NA,NA,NA,NA,NA,NA
"2631","Halictus subaurata",NA,NA,NA,NA,NA,NA
"2632","Halictus subaurata",NA,NA,NA,NA,NA,NA
"2633","Halictus subaurata",NA,NA,NA,NA,NA,NA
"2634","Halictus subaurata",NA,NA,NA,NA,NA,NA
"2635","Halictus subaurata",NA,NA,NA,NA,NA,NA
"2636","Halictus subaurata",NA,NA,NA,NA,NA,NA
"2637","Halictus subaurata",NA,NA,NA,NA,NA,NA
"2638","Halictus subaurata",NA,NA,NA,NA,NA,NA
"2639","Halictus subaurata",NA,NA,NA,NA,NA,NA
"2640","Halictus subaurata",NA,NA,NA,NA,NA,NA
"2641","Halictus subaurata",NA,NA,NA,NA,NA,NA
"2642","Halictus subaurata",NA,NA,NA,NA,NA,NA
"2643","Halictus subaurata",NA,NA,NA,NA,NA,NA
"2644","Halictus subaurata",NA,NA,NA,NA,NA,NA
"2645","Halictus subaurata",NA,NA,NA,NA,NA,NA
"2646","Halictus subaurata",NA,NA,NA,NA,NA,NA
"2647","Halictus subaurata",NA,NA,NA,NA,NA,NA
"2648","Halictus subaurata",NA,NA,NA,NA,NA,NA
"2649","Halictus subaurata",NA,NA,NA,NA,NA,NA
"2650","Halictus subaurata",NA,NA,NA,NA,NA,NA
"2651","Halictus subaurata",NA,NA,NA,NA,NA,NA
"2652","Halictus subaurata",NA,NA,NA,NA,NA,NA
"2653","Halictus subaurata",NA,NA,NA,NA,NA,NA
"2654","Halictus subaurata",NA,NA,NA,NA,NA,NA
"2655","Halictus subaurata",NA,NA,NA,NA,NA,NA
"2656","Halictus subaurata",NA,NA,NA,NA,NA,NA
"2657","Halictus subaurata",NA,NA,NA,NA,NA,NA
"2658","Halictus subaurata",NA,NA,NA,NA,NA,NA
"2659","Halictus subaurata",NA,NA,NA,NA,NA,NA
"2660","Halictus subaurata",NA,NA,NA,NA,NA,NA
"2661","Halictus subaurata",NA,NA,NA,NA,NA,NA
"2662","Halictus subaurata",NA,NA,NA,NA,NA,NA
"2663","Halictus subaurata",NA,NA,NA,NA,NA,NA
"2664","Halictus subaurata",NA,NA,NA,NA,NA,NA
"2665","Halictus subaurata",NA,NA,NA,NA,NA,NA
"2666","Halictus subaurata",NA,NA,NA,NA,NA,NA
"2667","Halictus subaurata",NA,NA,NA,NA,NA,NA
"2668","Halictus subaurata",NA,NA,NA,NA,NA,NA
"2669","Halictus subaurata",NA,NA,NA,NA,NA,NA
"2670","Halictus subaurata",NA,NA,NA,NA,NA,NA
"2671","Halictus subaurata",NA,NA,NA,NA,NA,NA
"2672","Halictus subaurata",NA,NA,NA,NA,NA,NA
"2673","Halictus subaurata",NA,NA,NA,NA,NA,NA
"2674","Halictus subaurata",NA,NA,NA,NA,NA,NA
"2675","Halictus subaurata",NA,NA,NA,NA,NA,NA
"2676","Halictus subaurata",NA,NA,NA,NA,NA,NA
"2677","Halictus subaurata",NA,NA,NA,NA,NA,NA
"2678","Halictus subaurata",NA,NA,NA,NA,NA,NA
"2679","Halictus subaurata",NA,NA,NA,NA,NA,NA
"2680","Halictus subaurata",NA,NA,NA,NA,NA,NA
"2681","Halictus subaurata",NA,NA,NA,NA,NA,NA
"2682","Halictus subaurata",NA,NA,NA,NA,NA,NA
"2683","Halictus subaurata",NA,NA,NA,NA,NA,NA
"2684","Halictus subaurata",NA,NA,NA,NA,NA,NA
"2685","Halictus subaurata",NA,NA,NA,NA,NA,NA
"2686","Halictus subaurata",NA,NA,NA,NA,NA,NA
"2687","Halictus subaurata",NA,NA,NA,NA,NA,NA
"2688","Halictus subaurata",NA,NA,NA,NA,NA,NA
"2689","Halictus subaurata",NA,NA,NA,NA,NA,NA
"2690","Halictus subaurata",NA,NA,NA,NA,NA,NA
"2691","Halictus subaurata",NA,NA,NA,NA,NA,NA
"2692","Halictus subaurata",NA,NA,NA,NA,NA,NA
"2693","Halictus subaurata",NA,NA,NA,NA,NA,NA
"2694","Halictus subaurata",NA,NA,NA,NA,NA,NA
"2695","Halictus subaurata",NA,NA,NA,NA,NA,NA
"2696","Halictus subaurata",NA,NA,NA,NA,NA,NA
"2697","Halictus subaurata",NA,NA,NA,NA,NA,NA
"2698","Halictus subaurata",NA,NA,NA,NA,NA,NA
"2699","Halictus subaurata",NA,NA,NA,NA,NA,NA
"2700","Halictus subaurata",NA,NA,NA,NA,NA,NA
"2701","Halictus subaurata",NA,NA,NA,NA,NA,NA
"2702","Halictus subaurata",NA,NA,NA,NA,NA,NA
"2703","Halictus subaurata",NA,NA,NA,NA,NA,NA
"2704","Halictus subaurata",NA,NA,NA,NA,NA,NA
"2705","Halictus submediterranea",NA,NA,NA,NA,NA,NA
"2706","Halictus submediterranea",NA,NA,NA,NA,NA,NA
"2707","Halictus submediterranea",NA,NA,NA,NA,NA,NA
"2941","Hoplitis cristata",NA,NA,NA,NA,NA,NA
"2960","Hylaeus ater",NA,NA,NA,NA,NA,NA
"2961","Hylaeus ater",NA,NA,NA,NA,NA,NA
"2962","Hylaeus ater",NA,NA,NA,NA,NA,NA
"2963","Hylaeus bisinuatus",NA,NA,NA,NA,NA,NA
"2964","Hylaeus bisinuatus",NA,NA,NA,NA,NA,NA
"2965","Hylaeus canariensis",NA,NA,NA,NA,NA,NA
"2966","Hylaeus canariensis",NA,NA,NA,NA,NA,NA
"2967","Hylaeus canariensis",NA,NA,NA,NA,NA,NA
"2968","Hylaeus canariensis",NA,NA,NA,NA,NA,NA
"2969","Hylaeus congruens",NA,NA,NA,NA,NA,NA
"3005","Hylaeus gredieri",NA,NA,NA,NA,NA,NA
"3006","Hylaeus gredieri",NA,NA,NA,NA,NA,NA
"3007","Hylaeus gredieri",NA,NA,NA,NA,NA,NA
"3008","Hylaeus hohmanni",NA,NA,NA,NA,NA,NA
"3009","Hylaeus hohmanni",NA,NA,NA,NA,NA,NA
"3011","Hylaeus imparallis",NA,NA,NA,NA,NA,NA
"3012","Hylaeus lineopatus",NA,NA,NA,NA,NA,NA
"3013","Hylaeus lineopatus",NA,NA,NA,NA,NA,NA
"3014","Hylaeus maderensis",NA,NA,NA,NA,NA,NA
"3015","Hylaeus maderensis",NA,NA,NA,NA,NA,NA
"3016","Hylaeus maderensis",NA,NA,NA,NA,NA,NA
"3017","Hylaeus maderensis",NA,NA,NA,NA,NA,NA
"3018","Hylaeus maderensis",NA,NA,NA,NA,NA,NA
"3019","Hylaeus maderensis",NA,NA,NA,NA,NA,NA
"3020","Hylaeus maderensis",NA,NA,NA,NA,NA,NA
"3021","Hylaeus maderensis",NA,NA,NA,NA,NA,NA
"3022","Hylaeus maderensis",NA,NA,NA,NA,NA,NA
"3048","Icteranthidium ghromanni",NA,NA,NA,NA,NA,NA
"3049","Icteranthidium ghromanni",NA,NA,NA,NA,NA,NA
"3050","Icteranthidium ghromanni",NA,NA,NA,NA,NA,NA
"3087","Lasioglossum atrovirens",NA,NA,NA,NA,NA,NA
"3088","Lasioglossum capitalis",NA,NA,NA,NA,NA,NA
"3089","Lasioglossum capitalis",NA,NA,NA,NA,NA,NA
"3133","Lasioglossum consobrinus",NA,NA,NA,NA,NA,NA
"3134","Lasioglossum consobrinus",NA,NA,NA,NA,NA,NA
"3135","Lasioglossum consobrinus",NA,NA,NA,NA,NA,NA
"3136","Lasioglossum discus",NA,NA,NA,NA,NA,NA
"3137","Lasioglossum discus",NA,NA,NA,NA,NA,NA
"3138","Lasioglossum discus",NA,NA,NA,NA,NA,NA
"3139","Lasioglossum discus",NA,NA,NA,NA,NA,NA
"3140","Lasioglossum discus",NA,NA,NA,NA,NA,NA
"3141","Lasioglossum discus",NA,NA,NA,NA,NA,NA
"3142","Lasioglossum discus",NA,NA,NA,NA,NA,NA
"3143","Lasioglossum discus",NA,NA,NA,NA,NA,NA
"3144","Lasioglossum discus",NA,NA,NA,NA,NA,NA
"3145","Lasioglossum discus",NA,NA,NA,NA,NA,NA
"3146","Lasioglossum discus",NA,NA,NA,NA,NA,NA
"3147","Lasioglossum discus",NA,NA,NA,NA,NA,NA
"3148","Lasioglossum discus",NA,NA,NA,NA,NA,NA
"3149","Lasioglossum discus",NA,NA,NA,NA,NA,NA
"3150","Lasioglossum discus",NA,NA,NA,NA,NA,NA
"3151","Lasioglossum discus",NA,NA,NA,NA,NA,NA
"3152","Lasioglossum discus",NA,NA,NA,NA,NA,NA
"3153","Lasioglossum discus",NA,NA,NA,NA,NA,NA
"3154","Lasioglossum discus",NA,NA,NA,NA,NA,NA
"3155","Lasioglossum discus",NA,NA,NA,NA,NA,NA
"3156","Lasioglossum discus",NA,NA,NA,NA,NA,NA
"3157","Lasioglossum discus",NA,NA,NA,NA,NA,NA
"3158","Lasioglossum discus",NA,NA,NA,NA,NA,NA
"3159","Lasioglossum discus",NA,NA,NA,NA,NA,NA
"3160","Lasioglossum discus",NA,NA,NA,NA,NA,NA
"3161","Lasioglossum discus",NA,NA,NA,NA,NA,NA
"3162","Lasioglossum discus",NA,NA,NA,NA,NA,NA
"3163","Lasioglossum discus",NA,NA,NA,NA,NA,NA
"3164","Lasioglossum discus",NA,NA,NA,NA,NA,NA
"3165","Lasioglossum discus",NA,NA,NA,NA,NA,NA
"3166","Lasioglossum discus",NA,NA,NA,NA,NA,NA
"3167","Lasioglossum discus",NA,NA,NA,NA,NA,NA
"3168","Lasioglossum discus",NA,NA,NA,NA,NA,NA
"3169","Lasioglossum discus",NA,NA,NA,NA,NA,NA
"3170","Lasioglossum discus",NA,NA,NA,NA,NA,NA
"3171","Lasioglossum discus",NA,NA,NA,NA,NA,NA
"3172","Lasioglossum discus",NA,NA,NA,NA,NA,NA
"3173","Lasioglossum discus",NA,NA,NA,NA,NA,NA
"3174","Lasioglossum discus",NA,NA,NA,NA,NA,NA
"3175","Lasioglossum discus",NA,NA,NA,NA,NA,NA
"3176","Lasioglossum discus",NA,NA,NA,NA,NA,NA
"3177","Lasioglossum discus",NA,NA,NA,NA,NA,NA
"3178","Lasioglossum discus",NA,NA,NA,NA,NA,NA
"3179","Lasioglossum discus",NA,NA,NA,NA,NA,NA
"3180","Lasioglossum discus",NA,NA,NA,NA,NA,NA
"3181","Lasioglossum discus",NA,NA,NA,NA,NA,NA
"3182","Lasioglossum discus",NA,NA,NA,NA,NA,NA
"3183","Lasioglossum discus",NA,NA,NA,NA,NA,NA
"3184","Lasioglossum discus",NA,NA,NA,NA,NA,NA
"3185","Lasioglossum discus",NA,NA,NA,NA,NA,NA
"3186","Lasioglossum discus",NA,NA,NA,NA,NA,NA
"3187","Lasioglossum discus",NA,NA,NA,NA,NA,NA
"3188","Lasioglossum discus",NA,NA,NA,NA,NA,NA
"3189","Lasioglossum discus",NA,NA,NA,NA,NA,NA
"3190","Lasioglossum discus",NA,NA,NA,NA,NA,NA
"3191","Lasioglossum discus",NA,NA,NA,NA,NA,NA
"3192","Lasioglossum discus",NA,NA,NA,NA,NA,NA
"3193","Lasioglossum discus",NA,NA,NA,NA,NA,NA
"3194","Lasioglossum discus",NA,NA,NA,NA,NA,NA
"3195","Lasioglossum discus",NA,NA,NA,NA,NA,NA
"3196","Lasioglossum discus",NA,NA,NA,NA,NA,NA
"3197","Lasioglossum discus",NA,NA,NA,NA,NA,NA
"3198","Lasioglossum discus",NA,NA,NA,NA,NA,NA
"3199","Lasioglossum discus",NA,NA,NA,NA,NA,NA
"3200","Lasioglossum discus",NA,NA,NA,NA,NA,NA
"3201","Lasioglossum discus",NA,NA,NA,NA,NA,NA
"3202","Lasioglossum discus",NA,NA,NA,NA,NA,NA
"3203","Lasioglossum discus",NA,NA,NA,NA,NA,NA
"3204","Lasioglossum discus",NA,NA,NA,NA,NA,NA
"3205","Lasioglossum discus",NA,NA,NA,NA,NA,NA
"3206","Lasioglossum discus",NA,NA,NA,NA,NA,NA
"3207","Lasioglossum discus",NA,NA,NA,NA,NA,NA
"3208","Lasioglossum discus",NA,NA,NA,NA,NA,NA
"3209","Lasioglossum discus",NA,NA,NA,NA,NA,NA
"3210","Lasioglossum discus",NA,NA,NA,NA,NA,NA
"3211","Lasioglossum discus",NA,NA,NA,NA,NA,NA
"3212","Lasioglossum discus",NA,NA,NA,NA,NA,NA
"3213","Lasioglossum discus",NA,NA,NA,NA,NA,NA
"3214","Lasioglossum discus",NA,NA,NA,NA,NA,NA
"3215","Lasioglossum discus",NA,NA,NA,NA,NA,NA
"3216","Lasioglossum discus",NA,NA,NA,NA,NA,NA
"3217","Lasioglossum discus",NA,NA,NA,NA,NA,NA
"3218","Lasioglossum discus",NA,NA,NA,NA,NA,NA
"3219","Lasioglossum discus",NA,NA,NA,NA,NA,NA
"3220","Lasioglossum discus",NA,NA,NA,NA,NA,NA
"3221","Lasioglossum discus",NA,NA,NA,NA,NA,NA
"3222","Lasioglossum discus",NA,NA,NA,NA,NA,NA
"3223","Lasioglossum discus",NA,NA,NA,NA,NA,NA
"3224","Lasioglossum discus",NA,NA,NA,NA,NA,NA
"3225","Lasioglossum discus",NA,NA,NA,NA,NA,NA
"3226","Lasioglossum discus",NA,NA,NA,NA,NA,NA
"3227","Lasioglossum discus",NA,NA,NA,NA,NA,NA
"3228","Lasioglossum discus",NA,NA,NA,NA,NA,NA
"3229","Lasioglossum evylaeus",NA,NA,NA,NA,NA,NA
"3230","Lasioglossum flavipes",NA,NA,NA,NA,NA,NA
"3231","Lasioglossum flavipes",NA,NA,NA,NA,NA,NA
"3330","Lasioglossum leptocephalum",NA,NA,NA,NA,NA,NA
"3331","Lasioglossum lissonotus",NA,NA,NA,NA,NA,NA
"3332","Lasioglossum loetum",NA,NA,NA,NA,NA,NA
"3333","Lasioglossum loetum",NA,NA,NA,NA,NA,NA
"3334","Lasioglossum loetum",NA,NA,NA,NA,NA,NA
"3335","Lasioglossum loetum",NA,NA,NA,NA,NA,NA
"3336","Lasioglossum loetum",NA,NA,NA,NA,NA,NA
"3337","Lasioglossum loetum",NA,NA,NA,NA,NA,NA
"3338","Lasioglossum loetum",NA,NA,NA,NA,NA,NA
"3339","Lasioglossum loetum",NA,NA,NA,NA,NA,NA
"3340","Lasioglossum loetum",NA,NA,NA,NA,NA,NA
"3341","Lasioglossum loetum",NA,NA,NA,NA,NA,NA
"3342","Lasioglossum loetum",NA,NA,NA,NA,NA,NA
"3343","Lasioglossum loetum",NA,NA,NA,NA,NA,NA
"3344","Lasioglossum loetum",NA,NA,NA,NA,NA,NA
"3345","Lasioglossum loetum",NA,NA,NA,NA,NA,NA
"3346","Lasioglossum loetum",NA,NA,NA,NA,NA,NA
"3347","Lasioglossum loetum",NA,NA,NA,NA,NA,NA
"3348","Lasioglossum loetum",NA,NA,NA,NA,NA,NA
"3349","Lasioglossum loetum",NA,NA,NA,NA,NA,NA
"3350","Lasioglossum malachorum",NA,NA,NA,NA,NA,NA
"3353","Lasioglossum mediterraneaum",NA,NA,NA,NA,NA,NA
"3354","Lasioglossum minutisimum",NA,NA,NA,NA,NA,NA
"3355","Lasioglossum minutissima",NA,NA,NA,NA,NA,NA
"3356","Lasioglossum minutum",NA,NA,NA,NA,NA,NA
"3357","Lasioglossum pilosum",NA,NA,NA,NA,NA,NA
"3359","Lasioglossum pygmaeus",NA,NA,NA,NA,NA,NA
"3360","Lasioglossum pygmaeus",NA,NA,NA,NA,NA,NA
"3361","Lasioglossum pygmaeus",NA,NA,NA,NA,NA,NA
"3362","Lasioglossum seratum",NA,NA,NA,NA,NA,NA
"3369","Lasioglossum smaragdulus",NA,NA,NA,NA,NA,NA
"3370","Lasioglossum smaragdulus",NA,NA,NA,NA,NA,NA
"3371","Lasioglossum smeathmanellus",NA,NA,NA,NA,NA,NA
"3372","Lasioglossum smeathmanellus",NA,NA,NA,NA,NA,NA
"3373","Lasioglossum smeathmanellus",NA,NA,NA,NA,NA,NA
"3374","Lasioglossum smeathmanellus",NA,NA,NA,NA,NA,NA
"3409","Lasioglossum titusi",NA,NA,NA,NA,NA,NA
"3410","Lasioglossum transitorius",NA,NA,NA,NA,NA,NA
"3411","Lasioglossum transitorius",NA,NA,NA,NA,NA,NA
"3412","Lasioglossum transitorius",NA,NA,NA,NA,NA,NA
"3413","Lasioglossum transitorius",NA,NA,NA,NA,NA,NA
"3577","Lasioglossum wollastoni",NA,NA,NA,NA,NA,NA
"3578","Lasioglossum wollastoni",NA,NA,NA,NA,NA,NA
"3579","Lasioglossum wollastoni",NA,NA,NA,NA,NA,NA
"3580","Lasioglossum wollastoni",NA,NA,NA,NA,NA,NA
"3581","Lasioglossum wollastoni",NA,NA,NA,NA,NA,NA
"3582","Lasioglossum wollastoni",NA,NA,NA,NA,NA,NA
"3583","Lasioglossum wollastoni",NA,NA,NA,NA,NA,NA
"3584","Lasioglossum wollastoni",NA,NA,NA,NA,NA,NA
"3585","Lasioglossum wollastoni",NA,NA,NA,NA,NA,NA
"3586","Lasioglossum wollastoni",NA,NA,NA,NA,NA,NA
"3587","Lasioglossum wollastoni",NA,NA,NA,NA,NA,NA
"3588","Lasioglossum wollastoni",NA,NA,NA,NA,NA,NA
"3589","Lasioglossum wollastoni",NA,NA,NA,NA,NA,NA
"3590","Lasioglossum wollastoni",NA,NA,NA,NA,NA,NA
"3591","Lasioglossum wollastoni",NA,NA,NA,NA,NA,NA
"3592","Lasioglossum wollastoni",NA,NA,NA,NA,NA,NA
"3593","Lasioglossum wollastoni",NA,NA,NA,NA,NA,NA
"3594","Lasioglossum wollastoni",NA,NA,NA,NA,NA,NA
"3595","Lasioglossum wollastoni",NA,NA,NA,NA,NA,NA
"3596","Lasioglossum wollastoni",NA,NA,NA,NA,NA,NA
"3597","Lasioglossum wollastoni",NA,NA,NA,NA,NA,NA
"3598","Lasioglossum wollastoni",NA,NA,NA,NA,NA,NA
"3599","Lasioglossum wollastoni",NA,NA,NA,NA,NA,NA
"3600","Lasioglossum wollastoni",NA,NA,NA,NA,NA,NA
"3601","Lasioglossum wollastoni",NA,NA,NA,NA,NA,NA
"3602","Lasioglossum wollastoni",NA,NA,NA,NA,NA,NA
"3603","Lasioglossum wollastoni",NA,NA,NA,NA,NA,NA
"3604","Lasioglossum wollastoni",NA,NA,NA,NA,NA,NA
"3605","Lasioglossum wollastoni",NA,NA,NA,NA,NA,NA
"3606","Lasioglossum wollastoni",NA,NA,NA,NA,NA,NA
"3607","Lasioglossum wollastoni",NA,NA,NA,NA,NA,NA
"3608","Lasioglossum wollastoni",NA,NA,NA,NA,NA,NA
"3609","Lasioglossum wollastoni",NA,NA,NA,NA,NA,NA
"3610","Lasioglossum wollastoni",NA,NA,NA,NA,NA,NA
"3611","Lasioglossum wollastoni",NA,NA,NA,NA,NA,NA
"3612","Lasioglossum wollastoni",NA,NA,NA,NA,NA,NA
"3613","Lasioglossum wollastoni",NA,NA,NA,NA,NA,NA
"3614","Lasioglossum wollastoni",NA,NA,NA,NA,NA,NA
"3615","Lasioglossum wollastoni",NA,NA,NA,NA,NA,NA
"3616","Lasioglossum wollastoni",NA,NA,NA,NA,NA,NA
"3617","Lasioglossum wollastoni",NA,NA,NA,NA,NA,NA
"3618","Lasioglossum wollastoni",NA,NA,NA,NA,NA,NA
"3619","Lasioglossum wollastoni",NA,NA,NA,NA,NA,NA
"3620","Lasioglossum wollastoni",NA,NA,NA,NA,NA,NA
"3621","Lasioglossum wollastoni",NA,NA,NA,NA,NA,NA
"3622","Lasioglossum wollastoni",NA,NA,NA,NA,NA,NA
"3623","Lasioglossum wollastoni",NA,NA,NA,NA,NA,NA
"3624","Lasioglossum wollastoni",NA,NA,NA,NA,NA,NA
"3625","Lasioglossum wollastoni",NA,NA,NA,NA,NA,NA
"3626","Lasioglossum wollastoni",NA,NA,NA,NA,NA,NA
"3627","Lasioglossum wollastoni",NA,NA,NA,NA,NA,NA
"3628","Lasioglossum wollastoni",NA,NA,NA,NA,NA,NA
"3629","Lasioglossum wollastoni",NA,NA,NA,NA,NA,NA
"3630","Lasioglossum wollastoni",NA,NA,NA,NA,NA,NA
"3631","Lasioglossum wollastoni",NA,NA,NA,NA,NA,NA
"3632","Lasioglossum wollastoni",NA,NA,NA,NA,NA,NA
"3633","Lasioglossum wollastoni",NA,NA,NA,NA,NA,NA
"3634","Lasioglossum wollastoni",NA,NA,NA,NA,NA,NA
"3635","Lasioglossum wollastoni",NA,NA,NA,NA,NA,NA
"3636","Lasioglossum wollastoni",NA,NA,NA,NA,NA,NA
"3637","Lasioglossum wollastoni",NA,NA,NA,NA,NA,NA
"3638","Lasioglossum wollastoni",NA,NA,NA,NA,NA,NA
"3639","Lasioglossum wollastoni",NA,NA,NA,NA,NA,NA
"3640","Lasioglossum wollastoni",NA,NA,NA,NA,NA,NA
"3641","Lasioglossum wollastoni",NA,NA,NA,NA,NA,NA
"3642","Lasioglossum wollastoni",NA,NA,NA,NA,NA,NA
"3643","Lasioglossum xantopus",NA,NA,NA,NA,NA,NA
"3644","Lasioglossum xathophus",NA,NA,NA,NA,NA,NA
"3645","Lasioglossum xathophus",NA,NA,NA,NA,NA,NA
"3656","Megachile binominata",NA,NA,NA,NA,NA,NA
"3657","Megachile canariensis",NA,NA,NA,NA,NA,NA
"3658","Megachile canariensis",NA,NA,NA,NA,NA,NA
"3659","Megachile canariensis",NA,NA,NA,NA,NA,NA
"3660","Megachile canariensis",NA,NA,NA,NA,NA,NA
"3661","Megachile canariensis",NA,NA,NA,NA,NA,NA
"3665","Megachile cetuncularis",NA,NA,NA,NA,NA,NA
"3666","Megachile circucimcta",NA,NA,NA,NA,NA,NA
"3667","Megachile circucimcta",NA,NA,NA,NA,NA,NA
"3696","Megachile retundata",NA,NA,NA,NA,NA,NA
"3942","Nomioides fallax",NA,NA,NA,NA,NA,NA
"3973","Nomioides minutissima",NA,NA,NA,NA,NA,NA
"3974","Nomioides variegatus",NA,NA,NA,NA,NA,NA
"4006","Osmia acuticornis",NA,NA,NA,NA,NA,NA
"4007","Osmia acuticornis",NA,NA,NA,NA,NA,NA
"4034","Osmia canariensis",NA,NA,NA,NA,NA,NA
"4035","Osmia canariensis",NA,NA,NA,NA,NA,NA
"4036","Osmia canariensis",NA,NA,NA,NA,NA,NA
"4037","Osmia canariensis",NA,NA,NA,NA,NA,NA
"4038","Osmia canariensis",NA,NA,NA,NA,NA,NA
"4039","Osmia canariensis",NA,NA,NA,NA,NA,NA
"4040","Osmia canariensis",NA,NA,NA,NA,NA,NA
"4041","Osmia canariensis",NA,NA,NA,NA,NA,NA
"4042","Osmia canariensis",NA,NA,NA,NA,NA,NA
"4043","Osmia canariensis",NA,NA,NA,NA,NA,NA
"4044","Osmia canariensis",NA,NA,NA,NA,NA,NA
"4046","Osmia cinnabarina",NA,NA,NA,NA,NA,NA
"4057","Osmia dimidata",NA,NA,NA,NA,NA,NA
"4058","Osmia dimidata",NA,NA,NA,NA,NA,NA
"4059","Osmia dimidata",NA,NA,NA,NA,NA,NA
"4085","Osmia latreille",NA,NA,NA,NA,NA,NA
"4086","Osmia latreille",NA,NA,NA,NA,NA,NA
"4087","Osmia latrillei",NA,NA,NA,NA,NA,NA
"4088","Osmia madeirensis",NA,NA,NA,NA,NA,NA
"4089","Osmia madeirensis",NA,NA,NA,NA,NA,NA
"4090","Osmia madeirensis",NA,NA,NA,NA,NA,NA
"4091","Osmia madeirensis",NA,NA,NA,NA,NA,NA
"4092","Osmia madeirensis",NA,NA,NA,NA,NA,NA
"4093","Osmia madeirensis",NA,NA,NA,NA,NA,NA
"4094","Osmia madeirensis",NA,NA,NA,NA,NA,NA
"4095","Osmia madeirensis",NA,NA,NA,NA,NA,NA
"4096","Osmia madeirensis",NA,NA,NA,NA,NA,NA
"4097","Osmia madeirensis",NA,NA,NA,NA,NA,NA
"4098","Osmia madeirensis",NA,NA,NA,NA,NA,NA
"4099","Osmia madeirensis",NA,NA,NA,NA,NA,NA
"4100","Osmia madeirensis",NA,NA,NA,NA,NA,NA
"4101","Osmia madeirensis",NA,NA,NA,NA,NA,NA
"4102","Osmia madeirensis",NA,NA,NA,NA,NA,NA
"4103","Osmia madeirensis",NA,NA,NA,NA,NA,NA
"4104","Osmia madeirensis",NA,NA,NA,NA,NA,NA
"4105","Osmia madeirensis",NA,NA,NA,NA,NA,NA
"4106","Osmia madeirensis",NA,NA,NA,NA,NA,NA
"4107","Osmia madeirensis",NA,NA,NA,NA,NA,NA
"4108","Osmia madeirensis",NA,NA,NA,NA,NA,NA
"4109","Osmia madeirensis",NA,NA,NA,NA,NA,NA
"4110","Osmia madeirensis",NA,NA,NA,NA,NA,NA
"4111","Osmia madeirensis",NA,NA,NA,NA,NA,NA
"4112","Osmia madeirensis",NA,NA,NA,NA,NA,NA
"4113","Osmia madeirensis",NA,NA,NA,NA,NA,NA
"4114","Osmia madeirensis",NA,NA,NA,NA,NA,NA
"4117","Osmia perambigua",NA,NA,NA,NA,NA,NA
"4307","Osmia uncinata",NA,NA,NA,NA,NA,NA
"4308","Osmia uncinata",NA,NA,NA,NA,NA,NA
"4309","Osmia xanthomelaena",NA,NA,NA,NA,NA,NA
"4340","Panurgus brullei",NA,NA,NA,NA,NA,NA
"4361","Peponapis pruinosa",NA,NA,NA,NA,NA,NA
"4399","Pseudoanthidium liturathum",NA,NA,NA,NA,NA,NA
"4463","Rhodanthidium septemdentatun",NA,NA,NA,NA,NA,NA
"4464","Rhodanthidium septemdentatun",NA,NA,NA,NA,NA,NA
"4465","Rhodanthidium septemdentatun",NA,NA,NA,NA,NA,NA
"4466","Rhodanthidium septempunctatum",NA,NA,NA,NA,NA,NA
"4513","Sphecodes divisus",NA,NA,NA,NA,NA,NA
"4514","Sphecodes marginaturs",NA,NA,NA,NA,NA,NA
"4517","Sphecodes rufierus",NA,NA,NA,NA,NA,NA
"4519","Stelis murina",NA,NA,NA,NA,NA,NA
"4520","Stelis phaeophtera",NA,NA,NA,NA,NA,NA
"4521","Stelis phaeophtera",NA,NA,NA,NA,NA,NA
"4522","Stelis phaeophtera",NA,NA,NA,NA,NA,NA
"4523","Stelis phaeophtera",NA,NA,NA,NA,NA,NA
"4524","Stelis phaeophtera",NA,NA,NA,NA,NA,NA
"4525","Stelis phaeophtera",NA,NA,NA,NA,NA,NA
"4526","Stelis phaeophtera",NA,NA,NA,NA,NA,NA
"4527","Stelis phaeophtera",NA,NA,NA,NA,NA,NA
"4528","Stelis phaeophtera",NA,NA,NA,NA,NA,NA
"4529","Stelis phaeophtera",NA,NA,NA,NA,NA,NA
"4530","Stelis phaeophtera",NA,NA,NA,NA,NA,NA
"4531","Stelis phaeophtera",NA,NA,NA,NA,NA,NA
"4532","Stelis phaeophtera",NA,NA,NA,NA,NA,NA
"4533","Stelis phaeophtera",NA,NA,NA,NA,NA,NA
"4534","Stelis phaeophtera",NA,NA,NA,NA,NA,NA
"4535","Stelis phaeophtera",NA,NA,NA,NA,NA,NA
"4536","Stelis phaeophtera",NA,NA,NA,NA,NA,NA
"4537","Stelis phaeophtera",NA,NA,NA,NA,NA,NA
"4538","Stelis phaeophtera",NA,NA,NA,NA,NA,NA
"4539","Stelis phaeophtera",NA,NA,NA,NA,NA,NA
"4540","Stelis phaeophtera",NA,NA,NA,NA,NA,NA
"4541","Stelis phaeophtera",NA,NA,NA,NA,NA,NA
"4542","Stelis phoenoptera",NA,NA,NA,NA,NA,NA
"4543","Stelis puntulatissima",NA,NA,NA,NA,NA,NA
"4544","Stelis puntulatissima",NA,NA,NA,NA,NA,NA
"4545","Stelis puntulatissima",NA,NA,NA,NA,NA,NA
"4547","Tetraloniella alticincta",NA,NA,NA,NA,NA,NA
"4621","Trachusa atlanticum",NA,NA,NA,NA,NA,NA
"4622","Trachusa integra",NA,NA,NA,NA,NA,NA
"4623","Trachusa integra",NA,NA,NA,NA,NA,NA
"4624","Trachusa integra",NA,NA,NA,NA,NA,NA
"4625","Trianthidium caturigense",NA,NA,NA,NA,NA,NA
"4626","Trianthidium caturigense",NA,NA,NA,NA,NA,NA
"4640","Xylocopa fenestrata",NA,NA,NA,NA,NA,NA
"4641","Xylocopa fimbriata",NA,NA,NA,NA,NA,NA
"4642","Xylocopa latipes",NA,NA,NA,NA,NA,NA
"4676","Xylocopa virginica",NA,NA,NA,NA,NA,NA
